{"coefficients":{"_intercept":48.35443278411867,"no":0.019036904243229014,"temp":-1.458368007279681,"hum":-1.0133244944032995}}